Id,jns,popa,jnp,rol,popf,jpo,sal,int,jnz,pushf,jpe,imul,pop,pusha,jnb,jna,jng,cbw,jne,in,sar,ror,jno,out,andor,jg,xor,cli,jnl,cld,neg,jge,idiv,clc,rcl,add,jcxz,call,adc,xchg,mul,inc,cwd,ret,jc,lea,jnae,jz,jmp,jnle,jp,mov,jl,js,sbb,jae,jo,jnbe,not,je,jle,cwde,nop,ja,jb,sub,std,jnc,shr,rcr,jnge,stc,cmc,sti,jecxz,jbe,push,div,dec,shl,cmp
0aSTGBVRXeJhx5OcpsgC,0,0,0,0,0,0,0,0,0,0,0,0,0,0,0,0,0,0,0,0,0,0,0,0,0,0,9,0,0,0,0,0,0,0,0,187,0,0,4,0,0,0,0,0,0,40,0,0,0,0,0,145,0,0,9,0,0,0,0,0,0,0,0,0,0,57,0,0,0,0,0,0,0,0,0,0,0,0,0,0,7
0Iv6U2hbcP1xeBitW5Oo,0,0,0,0,0,0,0,0,0,0,0,0,0,0,0,0,0,0,0,0,0,0,0,0,0,0,0,0,0,0,0,0,0,0,0,0,0,0,0,0,0,0,0,0,0,0,0,0,0,0,0,0,0,0,0,0,0,0,0,0,0,0,0,0,0,0,0,0,0,0,0,0,0,0,0,0,0,0,0,0,0
2CfJMa5HIn6D1d9EXbpe,0,0,0,4,0,0,6,0,0,0,0,2,0,0,0,0,0,0,0,4,0,10,0,9,0,0,19,0,0,0,0,0,0,0,0,37,0,0,13,16,0,0,0,0,0,2,0,0,0,0,0,55,0,0,9,0,0,0,0,0,0,0,0,0,0,11,0,0,1,0,0,0,0,0,0,0,0,0,0,8,13
09LXtWxm1EbK5uVqcQS3,0,0,0,0,0,0,0,0,0,0,0,0,0,0,0,0,0,0,0,0,0,0,0,0,0,0,3,0,0,0,0,0,0,0,0,3,0,0,0,0,0,0,0,0,0,0,0,0,0,0,0,68,0,0,0,0,0,0,0,0,0,0,0,0,0,2,0,0,0,0,0,0,0,0,0,0,0,0,0,0,1
1GKhFnumAdIeykS3rZYi,0,0,0,0,0,0,0,0,0,0,0,0,0,0,0,0,0,0,0,0,0,0,0,0,0,0,3,0,0,0,0,0,0,0,0,4,0,0,0,0,0,0,0,0,0,0,0,0,0,0,0,73,0,0,0,0,0,0,0,0,0,0,0,0,0,1,0,0,0,0,0,0,0,0,0,0,0,0,0,0,1
1gx83bLB4PSsYIKCTlZt,0,0,0,8,0,0,1,0,0,0,0,3,0,0,0,0,0,0,0,1,1,6,0,3,0,0,17,0,0,0,0,0,0,0,0,64,0,0,2,15,0,0,0,0,0,3,0,0,0,0,0,39,0,0,4,0,0,0,0,0,0,0,0,0,0,34,0,0,5,0,0,0,0,0,0,0,0,0,0,12,10
02JqQ7H3yEoD8viYWlmS,0,0,0,4,0,0,0,0,0,0,0,4,0,0,0,0,0,0,0,0,17,2,0,0,0,0,53,0,0,0,0,0,0,0,0,122,0,0,3,0,0,0,0,0,0,83,0,0,0,0,0,488,0,0,7,0,0,0,0,0,0,0,0,0,0,63,0,0,10,2,0,0,0,0,0,0,0,0,0,45,150
0Cq4wfhLrKBJiut1lYAZ,0,0,0,0,0,0,0,0,0,0,0,0,0,0,0,0,0,0,0,0,0,0,0,0,0,0,0,0,0,0,0,0,0,0,0,0,0,0,0,0,0,0,0,0,0,0,0,0,0,0,0,0,0,0,0,0,0,0,0,0,0,0,0,0,0,0,0,0,0,0,0,0,0,0,0,0,0,0,0,0,0
0eaNKwluUmkYdIvZ923c,0,0,0,509,0,0,0,0,0,0,0,36,0,0,0,0,0,0,0,0,119,987,0,0,0,0,7290,0,0,0,0,0,0,0,0,9218,0,0,3082,1,0,0,0,0,0,2769,0,0,0,0,0,29474,0,0,92,0,0,0,0,0,0,0,0,0,0,1556,0,0,1719,2,0,0,0,0,0,0,0,0,0,417,2542
1JPWLhrtsalBVpyGSKw5,0,0,0,0,0,0,0,0,0,0,0,0,0,0,0,0,0,0,0,0,0,0,0,0,0,0,2,0,0,0,0,0,0,0,0,3,0,0,0,0,0,0,0,0,0,8,0,0,0,0,0,66,0,0,0,0,0,0,0,0,0,0,0,0,0,2,0,0,0,0,0,0,0,0,0,0,0,0,0,0,1
09sXMJUHwQWVanrhzAoT,0,0,0,0,0,0,0,0,0,0,0,0,0,0,0,0,0,0,0,0,0,0,0,0,0,0,0,0,0,0,0,0,0,0,0,0,0,0,0,0,0,0,0,0,0,0,0,0,0,0,0,0,0,0,0,0,0,0,0,0,0,0,0,0,0,0,0,0,0,0,0,0,0,0,0,0,0,0,0,0,0
02MRILoE6rNhmt7FUi45,0,0,0,2,0,0,0,0,0,0,0,4,0,0,0,0,0,0,0,0,17,4,0,0,0,0,89,0,0,0,0,0,0,0,0,103,0,0,0,0,0,0,0,0,0,155,0,0,0,0,0,1122,0,0,5,0,0,0,0,0,0,0,0,0,0,122,0,0,13,2,0,0,0,0,0,0,0,0,0,57,157
0BKcmNv4iGY2hsVSaXJ6,0,0,0,0,0,0,0,0,0,0,0,0,0,0,0,0,0,0,0,0,0,0,0,0,0,0,8,0,0,0,0,0,0,0,0,77,0,0,5,0,0,0,0,0,0,24,0,0,0,0,0,133,0,0,8,0,0,0,0,0,0,0,0,0,0,40,0,0,0,0,0,0,0,0,0,0,0,0,0,0,6
0b5LqcWix3J4fGIEhXQu,0,0,0,0,0,0,0,0,0,0,0,0,0,0,0,0,0,0,0,0,0,0,0,0,0,0,3,0,0,0,0,0,0,0,0,3,0,0,0,0,0,0,0,0,0,2,0,0,0,0,0,71,0,0,0,0,0,0,0,0,0,0,0,0,0,2,0,0,0,0,0,0,0,0,0,0,0,0,0,0,1
0q6eABpEHSbXlIzGh7jc,0,0,0,0,0,0,0,0,0,0,0,0,0,0,0,0,0,0,0,0,0,0,0,0,0,0,2,0,0,0,0,0,0,0,0,62,0,0,0,2,0,0,0,0,0,7,0,0,0,0,0,314,0,0,0,0,0,0,0,0,0,0,0,0,0,2,0,0,0,0,0,0,0,0,0,0,0,0,0,0,0
0NZT2sFp4JKXqYGC8Rna,0,0,0,0,0,0,0,0,0,0,0,76,0,0,0,0,0,0,0,0,6,0,0,0,0,0,213,0,0,0,0,0,0,0,0,245,0,0,2,0,0,0,0,0,0,56,0,0,0,0,0,1224,0,0,0,0,0,0,0,0,0,0,0,0,0,244,0,0,2,0,0,0,0,0,0,0,0,0,0,20,421
0AguvpOCcaf2myVDYFGb,0,0,0,1,0,0,0,0,0,0,0,0,0,0,0,0,0,0,0,2,0,0,0,1,0,0,23,0,0,0,0,0,0,0,0,62,0,0,2,3,0,0,0,0,0,16,0,0,0,0,0,289,0,0,2,0,0,0,0,0,0,0,0,0,0,42,0,0,0,0,0,0,0,0,0,0,0,0,0,0,71
0cGWK6VvCkm7O2AxDjtw,0,0,0,0,0,0,0,0,0,0,0,0,0,0,0,0,0,0,0,0,0,0,0,0,0,0,5,0,0,0,0,0,0,0,0,27,0,0,4,0,0,0,0,0,0,10,0,0,0,0,0,66,0,0,1,0,0,0,0,0,0,0,0,0,0,17,0,0,1,0,0,0,0,0,0,0,0,0,0,0,2
3zZpqyclD9B2v5Qas18m,0,0,0,34,0,0,0,0,0,0,0,15,0,0,0,0,0,0,0,0,0,37,0,0,0,0,43,0,0,0,0,0,0,0,1,229,0,0,1,5,0,0,0,0,0,114,0,0,0,0,0,663,0,0,2,0,0,0,0,0,0,0,0,0,0,230,0,0,22,0,0,0,0,0,0,0,0,0,0,12,32
01IsoiSMh5gxyDYTl4CB,0,0,0,0,0,0,0,0,0,0,0,20,0,0,0,0,0,0,0,0,2,0,0,0,0,0,106,0,0,0,0,0,0,0,2,323,0,0,219,0,0,0,0,0,0,193,0,0,0,0,0,2187,0,0,3,0,0,0,0,0,0,0,0,0,0,216,0,0,14,2,0,0,0,0,0,0,0,0,0,23,218
0KigmP9TLwJXNGz26tfO,0,0,0,1,0,0,0,0,0,0,0,413,0,0,0,0,0,0,0,0,823,0,0,0,0,0,7164,0,0,0,0,0,0,0,0,18198,0,0,1461,0,0,0,0,0,0,10201,0,0,0,0,0,89819,0,0,415,0,0,0,0,0,0,0,0,0,0,4602,0,0,765,6,0,0,0,0,0,0,0,0,0,1364,16654
0cTu2bkefOAJqIhYUWFK,0,0,0,0,0,0,0,0,0,0,0,7,0,0,0,0,0,0,0,2,0,0,0,1,0,0,64,0,0,0,0,0,0,0,1,99,0,0,5,6,0,0,0,0,0,107,0,0,0,0,0,924,0,0,27,0,0,0,0,0,0,0,0,0,0,47,0,0,3,2,0,0,0,0,0,0,0,0,0,2,172
18te652nLyCi3IrZqMOJ,0,0,0,0,0,0,0,0,0,0,0,0,0,0,0,0,0,0,0,0,0,0,0,0,0,0,1,0,0,0,0,0,0,0,0,2,0,0,0,0,0,0,0,0,0,3,0,0,0,0,0,76,0,0,0,0,0,0,0,0,0,0,0,0,0,4,0,0,0,0,0,0,0,0,0,0,0,0,0,0,0
0jKSsqXVHNucByZ9l6Ao,0,0,0,2,0,0,0,0,0,0,0,3,0,0,0,0,0,0,0,3,16,0,0,0,0,0,20,0,0,0,0,0,0,0,1,389,0,0,3,9,0,0,0,0,0,17,0,0,0,0,0,2299,0,0,3,0,0,0,0,0,0,0,0,0,0,326,0,0,0,0,0,0,0,0,0,0,0,0,0,23,175
0iBaz3krsQ8HuA7cGDSt,0,0,0,0,0,0,0,0,0,0,0,8,0,0,0,0,0,0,0,0,28,0,0,0,0,0,170,0,0,0,0,0,0,0,0,340,0,0,0,0,0,0,0,0,0,732,0,0,0,0,0,2162,0,0,6,0,0,0,0,0,0,0,0,0,0,102,0,0,6,0,0,0,0,0,0,0,0,0,0,2,327
2g4C03AeqoZR6ctiF1Qr,0,0,0,1,0,0,1,0,0,0,0,0,0,0,0,0,0,0,0,0,0,0,0,0,0,0,68,0,0,0,0,0,0,0,0,88,0,0,1,17,0,0,0,0,0,12,0,0,0,0,0,80,0,0,0,0,0,0,0,0,0,0,0,0,0,37,0,0,0,0,0,0,0,0,0,0,0,0,0,0,4
BKXtxeYlLsprabEWIQhn,0,0,0,0,0,0,0,0,0,0,0,3,0,0,0,0,0,0,0,0,9,0,0,0,0,0,34,0,0,0,0,0,0,0,0,82,0,0,0,0,0,0,0,0,0,87,0,0,0,0,0,522,0,0,4,0,0,0,0,0,0,0,0,0,0,38,0,0,14,0,0,0,0,0,0,0,0,0,0,11,247
0gWUIudhwovMYb3NSnZA,0,0,0,0,0,0,0,0,0,0,0,0,0,0,0,0,0,0,0,0,0,0,0,0,0,0,309,0,0,0,0,0,0,0,0,109,0,0,283,0,0,0,0,0,0,100,0,0,0,0,0,43,0,0,24,0,0,0,0,0,0,0,0,0,0,291,0,0,0,0,0,0,0,0,0,0,0,0,0,0,147
b59dlNEacoYUAyeR4Ipq,0,0,0,0,0,0,0,0,0,0,0,0,0,0,0,0,0,0,0,0,0,0,0,0,0,0,4,0,0,0,0,0,0,0,0,1,0,0,0,0,0,0,0,0,0,0,0,0,0,0,0,13,0,0,1,0,0,0,0,0,0,0,0,0,0,0,0,0,0,0,0,0,0,0,0,0,0,0,0,0,4
0Hrfce4X5YGESJPjl9uL,0,0,0,0,0,0,0,0,0,0,0,1631,0,0,0,0,0,0,0,0,1489,0,0,0,0,0,8607,0,0,0,0,0,0,0,0,12403,0,0,15,1,0,0,0,0,0,20697,0,0,0,0,0,145027,0,0,480,0,0,0,0,0,0,0,0,0,0,5728,0,0,2136,6,0,0,0,0,0,0,0,0,0,1482,14829
asKPnzUXjShMc0Tl6Wge,0,0,0,0,0,0,0,0,0,0,0,0,0,0,0,0,0,0,0,0,0,0,0,0,0,0,0,0,0,0,0,0,0,0,0,0,0,0,0,0,0,0,0,0,0,0,0,0,0,0,0,0,0,0,0,0,0,0,0,0,0,0,0,0,0,0,0,0,0,0,0,0,0,0,0,0,0,0,0,0,0
0JnvoeflBWwIcQa5GEPK,0,0,0,0,0,0,0,0,0,0,0,0,0,0,0,0,0,0,0,0,0,0,0,0,0,0,0,0,0,0,0,0,0,0,0,0,0,0,0,0,0,0,0,0,0,0,0,0,0,0,0,0,0,0,0,0,0,0,0,0,0,0,0,0,0,0,0,0,0,0,0,0,0,0,0,0,0,0,0,0,0
0JAx9gzbC54Q61XBrqc7,0,0,0,0,0,0,0,0,0,0,0,0,0,0,0,0,0,0,0,0,0,0,0,0,0,0,55,0,0,0,0,0,0,0,0,297,0,0,57,0,0,0,0,0,0,151,0,0,0,0,0,31,0,0,84,0,0,0,0,0,0,0,0,0,0,149,0,0,0,0,0,0,0,0,0,0,0,0,0,0,125
06aLOj8EUXMByS423sum,0,0,0,3,0,0,0,0,0,0,0,42,0,0,0,0,0,0,0,0,30,1,0,0,0,0,431,0,0,0,0,0,0,0,0,710,0,0,19,2,0,0,0,0,0,349,0,0,0,0,0,4544,0,0,25,0,0,0,0,0,0,0,0,0,0,406,0,0,91,2,0,0,0,0,0,0,0,0,0,114,548
8wm2jYBqV30okUMfuDCd,0,0,0,26,0,0,0,0,0,0,0,8,0,0,0,0,0,0,0,0,0,29,0,0,0,0,46,0,0,0,0,0,0,0,0,149,0,0,0,3,0,0,0,0,0,60,0,0,0,0,0,431,0,0,2,0,0,0,0,0,0,0,0,0,0,145,0,0,9,0,0,0,0,0,0,0,0,0,0,10,14
0AnoOZDNbPXIr2MRBSCJ,0,0,0,0,0,0,0,0,0,0,0,6,0,0,0,0,0,0,0,0,1,0,0,0,0,0,254,0,0,0,0,0,0,0,0,529,0,0,2,38,0,0,0,0,0,344,0,0,0,0,0,2604,0,0,4,0,0,0,0,0,0,0,0,0,0,218,0,0,69,0,0,0,0,0,0,0,0,0,0,83,539
0DM3hS6Gg2QVKb1fZydv,0,0,0,3,0,0,0,0,0,0,0,22,0,0,0,0,0,0,0,0,16,0,0,0,0,0,69,0,0,0,0,0,0,0,0,210,0,0,8,0,0,0,0,0,0,102,0,0,0,0,0,617,0,0,10,0,0,0,0,0,0,0,0,0,0,111,0,0,19,2,0,0,0,0,0,0,0,0,0,45,111
0BFIPv1rO83whtpMYyAs,0,0,0,0,0,0,1,0,0,0,0,1,0,0,0,0,0,0,0,3,19,0,0,2,0,0,12,0,0,0,0,0,0,0,0,420,0,0,2,10,0,0,0,0,0,17,0,0,0,0,0,2539,0,0,4,0,0,0,0,0,0,0,0,0,0,359,0,0,0,0,0,0,0,0,0,0,0,0,0,32,180
0YJRabHQ1reDxN3yjUCd,0,0,0,0,0,0,0,0,0,0,0,0,0,0,0,0,0,0,0,0,0,0,0,0,0,0,1,0,0,0,0,0,0,0,0,4,0,0,0,2,0,0,0,0,0,1,0,0,0,0,0,32,0,0,0,0,0,0,0,0,0,0,0,0,0,5,0,0,1,0,0,0,0,0,0,0,0,0,0,1,0
0ACDbR5M3ZhBJajygTuf,0,0,0,0,0,0,0,0,0,0,0,0,0,0,0,0,0,0,0,0,0,0,0,0,0,0,105,0,0,0,0,0,0,0,0,9,0,0,0,0,0,0,0,0,0,70,0,0,0,0,0,818,0,0,0,0,0,0,0,0,0,0,0,0,0,1,0,0,1,0,0,0,0,0,0,0,0,0,0,0,355
0qPGt4cRVk9NoiJgubf2,0,0,0,10,0,0,0,0,0,0,0,15,0,0,0,0,0,0,0,8,2,16,0,15,0,0,51,0,0,0,0,0,0,0,0,87,0,0,32,34,0,0,0,0,0,46,0,0,0,0,0,112,0,0,36,0,0,0,0,0,0,0,0,0,0,46,0,0,18,0,0,0,0,0,0,0,0,0,0,9,32
7cyYPthi5KmvXEs2NkRj,0,0,0,22,0,0,0,0,0,0,0,12,0,0,0,0,0,0,0,0,0,37,0,0,0,0,54,0,0,0,0,0,0,0,0,197,0,0,1,2,0,0,0,0,0,67,0,0,0,0,0,656,0,0,3,0,0,0,0,0,0,0,0,0,0,158,0,0,16,0,0,0,0,0,0,0,0,0,0,37,22
0gcZkSFr7VnEmLPbTxUe,0,0,0,0,0,0,0,0,0,0,0,0,0,0,0,0,0,0,0,0,0,0,0,0,0,0,122,0,0,0,0,0,0,0,0,133,0,0,174,0,0,0,0,0,0,250,0,0,0,0,0,28,0,0,152,0,0,0,0,0,0,0,0,0,0,215,0,0,0,0,0,0,0,0,0,0,0,0,0,0,118
2YNFrzjaecyUInXCDVmt,0,0,0,1,0,0,0,0,0,0,0,0,0,0,0,0,0,0,0,0,0,0,0,0,0,0,37,0,0,0,0,0,0,0,0,55,0,0,0,10,0,0,0,0,0,3,0,0,0,0,0,70,0,0,1,0,0,0,0,0,0,0,0,0,0,21,0,0,0,0,0,0,0,0,0,0,0,0,0,0,4
5tMCNKDogQ2x7zwUbpcZ,0,0,0,0,0,0,0,0,0,0,0,0,0,0,0,0,0,0,0,0,0,0,0,0,0,0,0,0,0,0,0,0,0,0,0,0,0,0,0,0,0,0,0,0,0,0,0,0,0,0,0,0,0,0,0,0,0,0,0,0,0,0,0,0,0,0,0,0,0,0,0,0,0,0,0,0,0,0,0,0,0
1PQFYMSBLAO9TmKk2Zhj,0,0,0,0,0,0,3,0,0,0,0,2,0,0,0,0,0,0,0,4,1,4,0,5,0,0,10,0,0,0,0,0,0,0,0,17,0,0,10,8,0,0,0,0,0,1,0,0,0,0,0,24,0,0,4,0,0,0,0,0,0,0,0,0,0,7,0,0,0,0,0,0,0,0,0,0,0,0,0,4,11
02zcUmKV16Lya5xqnPGB,0,0,0,2,0,0,0,0,0,0,0,14,0,0,0,0,0,0,0,0,21,5,0,0,0,0,138,0,0,0,0,0,0,0,0,202,0,0,0,0,0,0,0,0,0,220,0,0,0,0,0,1650,0,0,5,0,0,0,0,0,0,0,0,0,0,177,0,0,23,2,0,0,0,0,0,0,0,0,0,44,267
0eN9lyQfwmTVk7C2ZoYp,0,0,0,0,0,0,0,0,0,0,0,0,0,0,0,0,0,0,0,0,0,0,0,0,0,0,1,0,0,0,0,0,0,0,0,2,0,0,0,0,0,0,0,0,0,1,0,0,0,0,0,70,0,0,0,0,0,0,0,0,0,0,0,0,0,3,0,0,0,0,0,0,0,0,0,0,0,0,0,0,2
0iZTHuQ5KMb4RtAlrz6D,0,0,0,0,0,0,0,0,0,0,0,0,0,0,0,0,0,0,0,0,0,0,0,0,0,0,33,0,0,0,0,0,0,0,0,75,0,0,0,0,0,0,0,0,0,95,0,0,0,0,0,306,0,0,0,0,0,0,0,0,0,0,0,0,0,33,0,0,0,0,0,0,0,0,0,0,0,0,0,0,89
0sM2atqTo48GgnFwhQXu,0,0,0,0,0,0,0,0,0,0,0,0,0,0,0,0,0,0,0,0,0,0,0,0,0,0,0,0,0,0,0,0,0,0,0,0,0,0,0,0,0,0,0,0,0,0,0,0,0,0,0,0,0,0,0,0,0,0,0,0,0,0,0,0,0,0,0,0,0,0,0,0,0,0,0,0,0,0,0,0,0
0B2RwKm6dq9fjUWDNIOa,0,0,0,0,0,0,0,0,0,0,0,0,0,0,0,0,0,0,0,0,0,0,0,0,0,0,588,0,0,0,0,0,0,0,0,186,0,0,103,0,0,0,0,0,0,312,0,0,0,0,0,35,0,0,162,0,0,0,0,0,0,0,0,0,0,184,0,0,0,0,0,0,0,0,0,0,0,0,0,0,149
05EeG39MTRrI6VY21DPd,0,0,0,0,0,0,0,0,0,0,0,8,0,0,0,0,0,0,0,0,37,0,0,0,0,0,190,0,0,0,0,0,0,0,0,176,0,0,0,0,0,0,0,0,0,157,0,0,0,0,0,2356,0,0,6,0,0,0,0,0,0,0,0,0,0,73,0,0,7,2,0,0,0,0,0,0,0,0,0,3,326
0BEsCP7NAUy8XmkenHWG,0,0,0,0,0,0,0,0,0,0,0,16,0,0,0,0,0,0,0,0,1,1,0,0,0,0,80,0,0,0,0,0,0,0,0,136,0,0,0,0,0,0,0,0,0,104,0,0,0,0,0,1300,0,0,3,0,0,0,0,0,0,0,0,0,0,97,0,0,6,2,0,0,0,0,0,0,0,0,0,10,155
1FAxSngsym35phwROGl0,0,0,0,0,0,0,0,0,0,0,0,0,0,0,0,0,0,0,0,0,0,0,0,0,0,0,1,0,0,0,0,0,0,0,0,2,0,0,0,0,0,0,0,0,0,7,0,0,0,0,0,72,0,0,0,0,0,0,0,0,0,0,0,0,0,4,0,0,0,0,0,0,0,0,0,0,0,0,0,0,1
0DqUX5rkg3IbMY6BLGCE,0,0,0,0,0,0,0,0,0,0,0,32,0,0,0,0,0,0,0,0,21,0,0,0,0,0,575,0,0,0,0,0,0,0,0,664,0,0,0,3,0,0,0,0,0,871,0,0,0,0,0,4828,0,0,26,0,0,0,0,0,0,0,0,0,0,235,0,0,99,2,0,0,0,0,0,0,0,0,0,54,1270
0D9IedmC1viTPugLRWX6,0,0,0,0,0,0,0,0,0,0,0,0,0,0,0,0,0,0,0,0,0,0,0,0,0,0,8,0,0,0,0,0,0,0,0,187,0,0,7,1,0,0,0,0,0,31,0,0,0,0,0,166,0,0,7,0,0,0,0,0,0,0,0,0,0,57,0,0,0,0,0,0,0,0,0,0,0,0,0,0,4
0H63jydvIahOVqgx5Kfo,0,0,0,1,0,0,0,0,0,0,0,50,0,0,0,0,0,0,0,0,103,0,0,0,0,0,3224,0,0,0,0,0,0,0,24,2613,0,0,70,69,0,0,0,0,0,3774,0,0,0,0,0,37040,0,0,61,0,0,0,0,0,0,0,0,0,0,1038,0,0,69,0,0,0,0,0,0,0,0,0,0,63,4209
2aHfrLhcPTj5GnFZXUCN,0,0,0,34,0,0,0,0,0,0,0,24,0,0,0,0,0,0,0,0,0,29,0,0,0,0,68,0,0,0,0,0,0,0,1,241,0,0,1,5,0,0,0,0,0,75,0,0,0,0,0,833,0,0,3,0,0,0,0,0,0,0,0,0,0,221,0,0,27,0,0,0,0,0,0,0,0,0,0,30,22
0aVxkvmflEizUBG2rMT4,0,0,0,2,0,0,0,0,0,0,0,1,0,0,0,0,0,0,0,1,19,1,0,1,0,0,14,0,0,0,0,0,0,0,0,417,0,0,2,5,0,0,0,0,0,16,0,0,0,0,0,2531,0,0,2,0,0,0,0,0,0,0,0,0,0,363,0,0,0,0,0,0,0,0,0,0,0,0,0,31,181
0FOXjzmnD9CUMVcSlEqh,0,0,0,0,0,0,0,0,0,0,0,499,0,0,0,0,0,0,0,0,59,0,0,0,0,0,304,0,0,0,0,0,0,0,0,456,0,0,0,0,0,0,0,0,0,149,0,0,0,0,0,2301,0,0,0,0,0,0,0,0,0,0,0,0,0,452,0,0,3,0,0,0,0,0,0,0,0,0,0,67,419
2vzlFiPL03STnwtDhoCU,0,0,0,6,0,0,17,0,0,0,0,16,0,0,0,0,0,0,0,0,2,13,0,0,0,0,108,0,0,0,0,0,0,0,9,278,0,0,30,104,0,0,0,0,0,31,0,0,0,0,0,503,0,0,29,0,0,0,0,0,0,0,0,0,0,192,0,0,10,3,0,0,0,0,0,0,0,0,0,10,97
0EL7OGZKozbiNCVP61gk,0,0,0,0,0,0,0,0,0,0,0,0,0,0,0,0,0,0,0,0,0,0,0,0,0,0,0,0,0,0,0,0,0,0,0,0,0,0,0,0,0,0,0,0,0,0,0,0,0,0,0,0,0,0,0,0,0,0,0,0,0,0,0,0,0,0,0,0,0,0,0,0,0,0,0,0,0,0,0,0,0
0akIgwhWHYm1dzsNqBFx,0,0,0,3,0,0,0,0,0,0,0,120,0,0,0,0,0,0,0,0,72,0,0,0,0,0,1248,0,0,0,0,0,0,0,0,2132,0,0,0,28,0,0,0,0,0,1100,0,0,0,0,0,12748,0,0,41,0,0,0,0,0,0,0,0,0,0,1000,0,0,334,0,0,0,0,0,0,0,0,0,0,337,1830
0iS3pwlgJco8XORD4TLq,0,0,0,0,0,0,0,0,0,0,0,4,0,0,0,0,0,0,0,0,30,0,0,0,0,0,153,0,0,0,0,0,0,0,0,233,0,0,11,4,0,0,0,0,0,242,0,0,0,0,0,3082,0,0,22,0,0,0,0,0,0,0,0,0,0,201,0,0,30,0,0,0,0,0,0,0,0,0,0,27,289
04QzZ3DVdPsEp9elLR65,0,0,0,0,0,0,0,0,0,0,0,0,0,0,0,0,0,0,0,0,0,0,0,0,0,0,7,0,0,0,0,0,0,0,0,124,0,0,2,1,0,0,0,0,0,46,0,0,0,0,0,208,0,0,6,0,0,0,0,0,0,0,0,0,0,64,0,0,0,0,0,0,0,0,0,0,0,0,0,0,7
07nrG1cLKUPxjOlWMFiV,0,0,0,0,0,0,0,0,0,0,0,0,0,0,0,0,0,0,0,0,0,0,0,0,0,0,10,0,0,0,0,0,0,0,0,96,0,0,2,0,0,0,0,0,0,35,0,0,0,0,0,240,0,0,5,0,0,0,0,0,0,0,0,0,0,59,0,0,0,0,0,0,0,0,0,0,0,0,0,0,7
0J61YGoWjV25TzxeSluf,0,0,0,1,0,0,1,0,0,0,0,3,0,0,0,0,0,0,0,1,17,1,0,1,0,0,19,0,0,0,0,0,0,0,2,396,0,0,12,13,0,0,0,0,0,16,0,0,0,0,0,2314,0,0,8,0,0,0,0,0,0,0,0,0,0,330,0,0,2,1,0,0,0,0,0,0,0,0,0,23,173
0C4aVbN58O1nAigFJt9z,0,0,0,0,0,0,0,0,0,0,0,18,0,0,0,0,0,0,0,7,3,3,0,5,0,0,159,0,0,0,0,0,0,0,3,116,0,0,6,13,0,0,0,0,0,271,0,0,0,0,0,2779,0,0,42,0,0,0,0,0,0,0,0,0,0,78,0,0,2,0,0,0,0,0,0,0,0,0,0,7,841
2XiGfo95mCALRbu6KzVY,0,0,0,4,0,0,7,0,0,0,0,2,0,0,0,0,0,0,0,7,2,6,0,10,0,0,20,0,0,0,0,0,0,0,0,43,0,0,18,11,0,0,0,0,0,4,0,0,0,0,0,57,0,0,11,0,0,0,0,0,0,0,0,0,0,10,0,0,3,0,0,0,0,0,0,0,0,0,0,5,22
0fHVZKeTE6iRb1PIQ4au,0,0,0,0,0,0,0,0,0,0,0,46,0,0,0,0,0,0,0,1,72,0,0,0,0,0,1200,0,0,0,0,0,0,0,0,1695,0,0,8,3,0,0,0,0,0,5634,0,0,0,0,0,15801,0,0,68,0,0,0,0,0,0,0,0,0,0,696,0,0,159,4,0,0,0,0,0,0,0,0,0,154,3271
02mlBLHZTDFXGa7Nt6cr,0,0,0,0,0,0,0,0,0,0,0,0,0,0,0,0,0,0,0,0,0,0,0,0,0,0,0,0,0,0,0,0,0,0,0,0,0,0,0,0,0,0,0,0,0,0,0,0,0,0,0,0,0,0,0,0,0,0,0,0,0,0,0,0,0,0,0,0,0,0,0,0,0,0,0,0,0,0,0,0,0
04cvLCVPqBMs6yn5xGlE,0,0,0,0,0,0,0,0,0,0,0,0,0,0,0,0,0,0,0,0,0,0,0,0,0,0,10,0,0,0,0,0,0,0,0,118,0,0,3,0,0,0,0,0,0,43,0,0,0,0,0,187,0,0,8,0,0,0,0,0,0,0,0,0,0,68,0,0,0,0,0,0,0,0,0,0,0,0,0,0,9
1jinhWv67o4ODebAw5Q2,0,0,0,0,0,0,0,0,0,0,0,0,0,0,0,0,0,0,0,0,0,0,0,0,0,0,2,0,0,0,0,0,0,0,0,2,0,0,0,0,0,0,0,0,0,3,0,0,0,0,0,72,0,0,0,0,0,0,0,0,0,0,0,0,0,2,0,0,0,0,0,0,0,0,0,0,0,0,0,0,1
0sLBvJeYl5UkiRzV1atI,0,0,0,0,0,0,0,0,0,0,0,0,0,0,0,0,0,0,0,0,0,0,0,0,0,0,0,0,0,0,0,0,0,0,0,0,0,0,0,0,0,0,0,0,0,0,0,0,0,0,0,0,0,0,0,0,0,0,0,0,0,0,0,0,0,0,0,0,0,0,0,0,0,0,0,0,0,0,0,0,0
0HKFs3AXTt1IrOl52eVu,0,0,0,7,0,0,0,0,0,0,0,1,0,0,0,0,0,0,0,1,28,2,0,0,0,0,13,0,0,0,0,0,0,0,0,345,0,0,3,16,0,0,0,0,0,29,0,0,0,0,0,2112,0,0,5,0,0,0,0,0,0,0,0,0,0,297,0,0,0,0,0,0,0,0,0,0,0,0,0,22,166
4UTMdcZkxzLvwygO8EuK,0,0,0,0,0,0,0,0,0,0,0,0,0,0,0,0,0,0,0,0,0,0,0,0,0,0,3,0,0,0,0,0,0,0,0,0,0,0,0,0,0,0,0,0,0,0,0,0,0,0,0,10,0,0,0,0,0,0,0,0,0,0,0,0,0,0,0,0,0,0,0,0,0,0,0,0,0,0,0,0,3
2VhINMP4oKmsnjZkY38U,0,0,0,0,0,0,1,0,0,0,0,1,0,0,0,0,0,0,0,0,0,0,0,0,0,0,1,0,0,0,0,0,0,0,2,6,0,0,1,2,0,0,0,0,0,0,0,0,0,0,0,8,0,0,0,0,0,0,0,0,0,0,0,0,0,5,0,0,0,0,0,0,0,0,0,0,0,0,0,0,2
06QinlpeFIWj8qHc7Vys,0,0,0,0,0,0,0,0,0,0,0,32,0,0,0,0,0,0,0,0,3,0,0,0,0,0,5,0,0,0,0,0,0,0,0,111,0,0,0,0,0,0,0,0,0,209,0,0,0,0,0,1242,0,0,0,0,0,0,0,0,0,0,0,0,0,96,0,0,8,0,0,0,0,0,0,0,0,0,0,63,10
0gkj92oIleU4SYiCWpaM,0,0,0,0,0,0,0,0,0,0,0,1,0,0,0,0,0,0,0,0,0,0,0,0,0,0,56,0,0,0,0,0,0,0,0,238,0,0,0,0,0,0,0,0,0,58,0,0,0,0,0,677,0,0,7,0,0,0,0,0,0,0,0,0,0,20,0,0,1,0,0,0,0,0,0,0,0,0,0,1,122
06arUi9q3wHS2C8RZxeB,0,0,0,0,0,0,0,0,0,0,0,0,0,0,0,0,0,0,0,0,0,0,0,0,0,0,22,0,0,0,0,0,0,0,0,49,0,0,2,1,0,0,0,0,0,15,0,0,0,0,0,79,0,0,1,0,0,0,0,0,0,0,0,0,0,26,0,0,0,0,0,0,0,0,0,0,0,0,0,0,4
18S9URJgMWqua2TZevsh,0,0,0,0,0,0,0,0,0,0,0,0,0,0,0,0,0,0,0,0,0,0,0,0,0,0,3,0,0,0,0,0,0,0,0,3,0,0,0,0,0,0,0,0,0,3,0,0,0,0,0,72,0,0,0,0,0,0,0,0,0,0,0,0,0,1,0,0,0,0,0,0,0,0,0,0,0,0,0,0,1
0hZEqJ5eMVjU21HAG7Ii,0,0,0,0,0,0,0,0,0,0,0,0,0,0,0,0,0,0,0,0,0,0,0,0,0,0,2,0,0,0,0,0,0,0,0,3,0,0,0,0,0,0,0,0,0,3,0,0,0,0,0,76,0,0,0,0,0,0,0,0,0,0,0,0,0,3,0,0,0,0,0,0,0,0,0,0,0,0,0,0,0
2mYSX6J9Dd5lkpLuNMc8,0,0,0,0,0,0,0,0,0,0,0,1,0,0,0,0,0,0,0,1,1,0,0,0,0,0,2,0,0,0,0,0,0,0,0,4,0,0,1,1,0,0,0,0,0,1,0,0,0,0,0,6,0,0,1,0,0,0,0,0,0,0,0,0,0,1,0,0,0,0,0,0,0,0,0,0,0,0,0,0,2
0KZFcsOYR4MdPJf6VvGS,0,0,0,0,0,0,0,0,0,0,0,2,0,0,0,0,0,0,0,0,0,0,0,0,0,0,25,0,0,0,0,0,0,0,0,96,0,0,0,0,0,0,0,0,0,1221,0,0,0,0,0,3075,0,0,6,0,0,0,0,0,0,0,0,0,0,134,0,0,0,0,0,0,0,0,0,0,0,0,0,39,233
0AwWs42SUQ19mI7eDcTC,0,0,0,0,0,0,0,0,0,0,0,0,0,0,0,0,0,0,0,0,2,0,0,0,0,0,440,0,0,0,0,0,0,0,0,216,0,0,4,1,0,0,0,0,0,1007,0,0,0,0,0,4990,0,0,41,0,0,0,0,0,0,0,0,0,0,160,0,0,5,4,0,0,0,0,0,0,0,0,0,31,554
04EjIdbPV5e1XroFOpiN,0,0,0,0,0,0,0,0,0,0,0,30,0,0,0,0,0,0,0,0,4,0,0,0,0,0,735,0,0,0,0,0,0,0,1,356,0,0,0,1,0,0,0,0,0,1080,0,0,0,0,0,8651,0,0,35,0,0,0,0,0,0,0,0,0,0,311,0,0,44,0,0,0,0,0,0,0,0,0,0,96,1568
1iWTJCzlSZgempU2xf04,0,0,0,0,0,0,0,0,0,0,0,0,0,0,0,0,0,0,0,0,0,0,0,0,0,0,3,0,0,0,0,0,0,0,0,3,0,0,0,0,0,0,0,0,0,2,0,0,0,0,0,63,0,0,0,0,0,0,0,0,0,0,0,0,0,2,0,0,0,0,0,0,0,0,0,0,0,0,0,0,1
0I4ZVvngsAatm8fzD3pk,0,0,0,0,0,0,0,0,0,0,0,29,0,0,0,0,0,0,0,0,52,0,0,0,0,0,854,0,0,0,0,0,0,0,0,961,0,0,5,3,0,0,0,0,0,2775,0,0,0,0,0,6474,0,0,55,0,0,0,0,0,0,0,0,0,0,409,0,0,97,4,0,0,0,0,0,0,0,0,0,60,1913
02K5GMYITj7bBoAisEmD,0,0,0,0,0,0,0,0,0,0,0,31,0,0,0,0,0,0,0,0,72,0,0,0,0,0,282,0,0,0,0,0,0,0,0,438,0,0,3,0,0,0,0,0,0,429,0,0,0,0,0,37717,0,0,8,0,0,0,0,0,0,0,0,0,0,235,0,0,90,0,0,0,0,0,0,0,0,0,0,115,583
0M7aSiE9csDzkmfKheVt,0,0,0,0,0,0,0,0,0,0,0,0,0,0,0,0,0,0,0,0,0,0,0,0,0,0,3,0,0,0,0,0,0,0,0,3,0,0,0,0,0,0,0,0,0,2,0,0,0,0,0,71,0,0,0,0,0,0,0,0,0,0,0,0,0,1,0,0,0,0,0,0,0,0,0,0,0,0,0,0,1
0KgE6ksUeytoHfl2cT4r,0,0,0,0,0,0,0,0,0,0,0,0,0,0,0,0,0,0,0,0,0,0,0,0,0,0,2,0,0,0,0,0,0,0,0,4,0,0,0,0,0,0,0,0,0,3,0,0,0,0,0,65,0,0,0,0,0,0,0,0,0,0,0,0,0,2,0,0,0,0,0,0,0,0,0,0,0,0,0,0,1
2SRWXLQomgJyliq3G6BM,0,0,0,1,0,0,0,0,0,0,0,0,0,0,0,0,0,0,0,0,0,0,0,0,0,0,41,0,0,0,0,0,0,0,0,97,0,0,0,14,0,0,0,0,0,10,0,0,0,0,0,81,0,0,0,0,0,0,0,0,0,0,0,0,0,49,0,0,0,0,0,0,0,0,0,0,0,0,0,0,4
0ItXlAUOhK8ZYdDf7HW4,0,0,0,1,0,0,0,0,0,0,0,2,0,0,0,0,0,0,0,5,20,0,0,1,0,0,11,0,0,0,0,0,0,0,0,425,0,0,3,5,0,0,0,0,0,16,0,0,0,0,0,2539,0,0,3,0,0,0,0,0,0,0,0,0,0,359,0,0,3,1,0,0,0,0,0,0,0,0,0,30,183
04mcPSei852tgIKUwTJr,0,0,0,0,0,0,0,0,0,0,0,0,0,0,0,0,0,0,0,0,0,0,0,0,0,0,72,0,0,0,0,0,0,0,0,73,0,0,257,1,0,0,0,0,0,320,0,0,0,0,0,45,0,0,296,0,0,0,0,0,0,0,0,0,0,165,0,0,0,0,0,0,0,0,0,0,0,0,0,0,154
0aVNj3qFgEZI6Akf4Kuv,0,0,0,0,0,0,0,0,0,0,0,1,0,0,0,0,0,0,0,1,15,0,0,2,0,0,12,0,0,0,0,0,0,0,0,375,0,0,3,3,0,0,0,0,0,17,0,0,0,0,0,2372,0,0,4,0,0,0,0,0,0,0,0,0,0,378,0,0,0,1,0,0,0,0,0,0,0,0,0,15,164
0cfIE39ihRNo2rkZOw5H,0,0,0,0,0,0,0,0,0,0,0,0,0,0,0,0,0,0,0,0,0,0,0,0,0,0,10,0,0,0,0,0,0,0,0,101,0,0,5,0,0,0,0,0,0,40,0,0,0,0,0,142,0,0,5,0,0,0,0,0,0,0,0,0,0,55,0,0,0,0,0,0,0,0,0,0,0,0,0,0,4
0MmZ8j5pn2R3VG9wlxYi,0,0,0,0,0,0,0,0,0,0,0,0,0,0,0,0,0,0,0,0,0,0,0,0,0,0,0,0,0,0,0,0,0,0,0,0,0,0,0,0,0,0,0,0,0,0,0,0,0,0,0,0,0,0,0,0,0,0,0,0,0,0,0,0,0,0,0,0,0,0,0,0,0,0,0,0,0,0,0,0,0
01azqd4InC7m9JpocGv5,0,0,0,0,0,0,0,0,0,0,0,82,0,0,0,0,0,0,0,0,25,0,0,0,0,0,418,0,0,0,0,0,0,0,0,621,0,0,0,0,0,0,0,0,0,308,0,0,0,0,0,5157,0,0,0,0,0,0,0,0,0,0,0,0,0,648,0,0,2,0,0,0,0,0,0,0,0,0,0,158,672
0hAlkjTR1Q6PewMczavb,0,0,0,0,0,0,0,0,0,0,0,0,0,0,0,0,0,0,0,3,1,0,0,1,0,0,26,0,0,0,0,0,0,0,0,71,0,0,3,3,0,0,0,0,0,16,0,0,0,0,0,337,0,0,3,0,0,0,0,0,0,0,0,0,0,38,0,0,0,0,0,0,0,0,0,0,0,0,0,0,85
1yC7BzWHgtI2FibhQ0km,0,0,0,0,0,0,1,0,0,0,0,0,0,0,0,0,0,0,0,1,0,1,0,2,0,0,4,0,0,0,0,0,0,0,0,1,0,0,2,2,0,0,0,0,0,1,0,0,0,0,0,4,0,0,3,0,0,0,0,0,0,0,0,0,0,2,0,0,0,0,0,0,0,0,0,0,0,0,0,1,1
0HVAnMrp1LjKDmuoOJFY,0,0,0,0,0,0,0,0,0,0,0,2,0,0,0,0,0,0,0,3,17,0,0,2,0,0,22,0,0,0,0,0,0,0,0,388,0,0,7,3,0,0,0,0,0,16,0,0,0,0,0,2295,0,0,5,0,0,0,0,0,0,0,0,0,0,323,0,0,0,0,0,0,0,0,0,0,0,0,0,23,176
0DbLeKSoxu47wjqVHsi9,0,0,0,0,0,0,0,0,0,0,0,31,0,0,0,0,0,0,0,0,72,0,0,0,0,0,282,0,0,0,0,0,0,0,0,438,0,0,3,0,0,0,0,0,0,429,0,0,0,0,0,38502,0,0,8,0,0,0,0,0,0,0,0,0,0,235,0,0,90,0,0,0,0,0,0,0,0,0,0,115,583
04hSzLv5s2TDYPlcgpHB,0,0,0,1,0,0,1,0,0,0,0,2,0,0,0,0,0,0,0,0,16,1,0,1,0,0,18,0,0,0,0,0,0,0,1,388,0,0,2,4,0,0,0,0,0,16,0,0,0,0,0,2299,0,0,8,0,0,0,0,0,0,0,0,0,0,330,0,0,0,0,0,0,0,0,0,0,0,0,0,24,175
08BX5Slp2I1FraZWbc6j,0,0,0,0,0,0,0,0,0,0,0,0,0,0,0,0,0,0,0,0,0,0,0,0,0,0,24,0,0,0,0,0,0,0,0,43,0,0,0,0,0,0,0,0,0,81,0,0,0,0,0,212,0,0,0,0,0,0,0,0,0,0,0,0,0,13,0,0,0,0,0,0,0,0,0,0,0,0,0,0,39
0aU7XWsr8RtN94jvo3lG,0,0,0,0,0,0,0,0,0,0,0,0,0,0,0,0,0,0,0,0,0,0,0,0,0,0,8,0,0,0,0,0,0,0,0,126,0,0,10,1,0,0,0,0,0,51,0,0,0,0,0,192,0,0,7,0,0,0,0,0,0,0,0,0,0,71,0,0,0,0,0,0,0,0,0,0,0,0,0,0,4
07iSOIG2urUvsMl9E5Rn,0,0,0,3,0,0,0,0,0,0,0,37,0,0,0,0,0,0,0,0,24,3,0,0,0,0,134,0,0,0,0,0,0,0,0,188,0,0,0,0,0,0,0,0,0,182,0,0,0,0,0,1629,0,0,14,0,0,0,0,0,0,0,0,0,0,184,0,0,23,2,0,0,0,0,0,0,0,0,0,54,206
0CPaAXtyswrBq83D6VEg,0,0,0,0,0,0,0,0,0,0,0,92,0,0,0,0,0,0,0,0,13,0,0,0,0,0,511,0,0,0,0,0,0,0,0,744,0,0,0,0,0,0,0,0,0,408,0,0,0,0,0,5963,0,0,1,0,0,0,0,0,0,0,0,0,0,841,0,0,2,0,0,0,0,0,0,0,0,0,0,155,893
05aiMRw13bYWqZ8OHvjl,0,0,0,4,0,0,0,0,0,0,0,14,0,0,0,0,0,0,0,0,26,1,0,0,0,0,143,0,0,0,0,0,0,0,0,281,0,0,5,1,0,0,0,0,0,182,0,0,0,0,0,1671,0,0,7,0,0,0,0,0,0,0,0,0,0,185,0,0,32,2,0,0,0,0,0,0,0,0,0,60,286
0CzL6rfwaTqGOu9eghBt,0,0,0,0,0,0,0,0,0,0,0,0,0,0,0,0,0,0,0,0,0,0,0,0,0,0,7,0,0,0,0,0,0,0,0,122,0,0,5,0,0,0,0,0,0,42,0,0,0,0,0,190,0,0,7,0,0,0,0,0,0,0,0,0,0,69,0,0,0,0,0,0,0,0,0,0,0,0,0,0,9
0bjN3Kgw5OATSreRmEdi,0,0,0,0,0,0,0,0,0,0,0,0,0,0,0,0,0,0,0,0,0,0,0,0,0,0,91,0,0,0,0,0,0,0,0,47,0,0,104,0,0,0,0,0,0,361,0,0,0,0,0,27,0,0,96,0,0,0,0,0,0,0,0,0,0,62,0,0,0,0,0,0,0,0,0,0,0,0,0,0,81
05IXcWGxvnkto4sq17zZ,0,0,0,0,0,0,0,0,0,0,0,4,0,0,0,0,0,0,0,0,23,0,0,0,0,0,206,0,0,0,0,0,0,0,0,172,0,0,2,0,0,0,0,0,0,444,0,0,0,0,0,81564,0,0,2,0,0,0,0,0,0,0,0,0,0,107,0,0,12,0,0,0,0,0,0,0,0,0,0,49,289
05Kps4iFw8mOLJZQrb1H,0,0,0,3,0,0,0,0,0,0,0,44,0,0,0,0,0,0,0,0,1,0,0,0,0,0,78,0,0,0,0,0,0,0,0,122,0,0,0,0,0,0,0,0,0,101,0,0,0,0,0,1638,0,0,3,0,0,0,0,0,0,0,0,0,0,102,0,0,6,2,0,0,0,0,0,0,0,0,0,28,138
0co46B8IkPt2UN3HSaw7,0,0,0,1,0,0,1,0,0,0,0,0,0,0,0,0,0,0,0,1,5,3,0,0,0,0,37,0,0,0,0,0,0,0,2,157,0,0,13,4,0,0,0,0,0,99,0,0,0,0,0,989,0,0,2,0,0,0,0,0,0,0,0,0,0,46,0,0,5,1,0,0,0,0,0,0,0,0,0,4,64
06KfrF7ltESna2ZHPVp5,0,0,0,0,0,0,0,0,0,0,0,0,0,0,0,0,0,0,0,0,0,0,0,0,0,0,15,0,0,0,0,0,0,0,0,184,0,0,7,1,0,0,0,0,0,33,0,0,0,0,0,157,0,0,5,0,0,0,0,0,0,0,0,0,0,50,0,0,0,0,0,0,0,0,0,0,0,0,0,0,5
0ASH2csN7k8jZyoRaqtn,0,0,0,0,0,0,0,0,0,0,0,2,0,0,0,0,0,0,0,0,16,0,0,0,0,0,55,0,0,0,0,0,0,0,0,113,0,0,1,0,0,0,0,0,0,78,0,0,0,0,0,506,0,0,5,0,0,0,0,0,0,0,0,0,0,79,0,0,10,2,0,0,0,0,0,0,0,0,0,44,98
0csgzpwdL3FbZEJu6DjO,0,0,0,0,0,0,0,0,0,0,0,0,0,0,0,0,0,0,0,0,0,0,0,0,0,0,9,0,0,0,0,0,0,0,0,118,0,0,7,1,0,0,0,0,0,39,0,0,0,0,0,190,0,0,7,0,0,0,0,0,0,0,0,0,0,68,0,0,0,0,0,0,0,0,0,0,0,0,0,0,6
0LAXajqhQy7po16dw8Tx,0,0,0,0,0,0,0,0,0,0,0,0,0,0,0,0,0,0,0,0,0,0,0,0,0,0,2,0,0,0,0,0,0,0,0,3,0,0,0,0,0,0,0,0,0,3,0,0,0,0,0,72,0,0,0,0,0,0,0,0,0,0,0,0,0,2,0,0,0,0,0,0,0,0,0,0,0,0,0,0,1
0qjuDC7Rhx9rHkLlItAp,0,0,0,0,0,0,0,0,0,0,0,0,0,0,0,0,0,0,0,0,0,0,0,0,0,0,0,0,0,0,0,0,0,0,0,0,0,0,0,0,0,0,0,0,0,0,0,0,0,0,0,0,0,0,0,0,0,0,0,0,0,0,0,0,0,0,0,0,0,0,0,0,0,0,0,0,0,0,0,0,0
06osXqPUVM1HbvBGNncT,0,0,0,0,0,0,0,0,0,0,0,0,0,0,0,0,0,0,0,0,0,0,0,0,0,0,11,0,0,0,0,0,0,0,0,123,0,0,7,1,0,0,0,0,0,36,0,0,0,0,0,203,0,0,4,0,0,0,0,0,0,0,0,0,0,64,0,0,0,0,0,0,0,0,0,0,0,0,0,0,6
0DNVFKwYlcjO7bTfJ5p1,0,0,0,0,0,0,0,0,0,0,0,32,0,0,0,0,0,0,0,0,64,0,0,0,0,0,747,0,0,0,0,0,0,0,0,861,0,0,1,1,0,0,0,0,0,1069,0,0,0,0,0,7339,0,0,26,0,0,0,0,0,0,0,0,0,0,508,0,0,67,2,0,0,0,0,0,0,0,0,0,64,1553
1FacC02JPfxSdXeD7MEw,0,0,0,8,0,0,0,0,0,0,0,16,0,0,0,0,0,0,0,11,4,12,0,15,0,0,57,0,0,0,0,0,0,0,0,82,0,0,41,59,0,0,0,0,0,45,0,0,0,0,0,147,0,0,35,0,0,0,0,0,0,0,0,0,0,59,0,0,17,0,0,0,0,0,0,0,0,0,0,6,42
2qAtoGOuMQZdmH3y7bEY,0,0,0,26,0,0,0,0,0,0,0,11,0,0,0,0,0,0,0,0,0,19,0,0,0,0,47,0,0,0,0,0,0,0,0,169,0,0,3,2,0,0,0,0,0,68,0,0,0,0,0,684,0,0,2,0,0,0,0,0,0,0,0,0,0,173,0,0,17,0,0,0,0,0,0,0,0,0,0,32,15
cIojVJGQOtrL0S1ApeDY,0,0,0,32,0,0,0,0,0,0,0,26,0,0,0,0,0,0,0,0,0,36,0,0,0,0,61,0,0,0,0,0,0,0,1,227,0,0,1,3,0,0,0,0,0,66,0,0,0,0,0,798,0,0,1,0,0,0,0,0,0,0,0,0,0,230,0,0,23,0,0,0,0,0,0,0,0,0,0,36,25
B6dzEY3kKIn8me9McfGg,0,0,0,27,0,0,0,0,0,0,0,20,0,0,0,0,0,0,0,0,0,34,0,0,0,0,66,0,0,0,0,0,0,0,0,189,0,0,0,5,0,0,0,0,0,77,0,0,0,0,0,639,0,0,1,0,0,0,0,0,0,0,0,0,0,196,0,0,16,0,0,0,0,0,0,0,0,0,0,30,14
40KRbGeQZ8PwcUgt5joa,0,0,0,18,0,0,0,0,0,0,0,20,0,0,0,0,0,0,0,0,0,32,0,0,0,0,82,0,0,0,0,0,0,0,0,212,0,0,1,2,0,0,0,0,0,85,0,0,0,0,0,798,0,0,3,0,0,0,0,0,0,0,0,0,0,188,0,0,26,0,0,0,0,0,0,0,0,0,0,23,19
04BfoQRA6XEshiNuI7pF,0,0,0,0,0,0,0,0,0,0,0,0,0,0,0,0,0,0,0,0,0,0,0,0,0,0,7,0,0,0,0,0,0,0,0,116,0,0,6,1,0,0,0,0,0,46,0,0,0,0,0,201,0,0,7,0,0,0,0,0,0,0,0,0,0,68,0,0,0,0,0,0,0,0,0,0,0,0,0,0,8
03nJaQV6K2ObICUmyWoR,0,0,0,0,0,0,0,0,0,0,0,0,0,0,0,0,0,0,0,0,0,0,0,0,0,0,0,0,0,0,0,0,0,0,0,0,0,0,0,0,0,0,0,0,0,0,0,0,0,0,0,0,0,0,0,0,0,0,0,0,0,0,0,0,0,0,0,0,0,0,0,0,0,0,0,0,0,0,0,0,0
3m8kb5ILPrHcMC1o9Nht,0,0,0,32,0,0,0,0,0,0,0,17,0,0,0,0,0,0,0,1,0,38,0,0,0,0,67,0,0,0,0,0,0,0,0,220,0,0,0,4,0,0,0,0,0,63,0,0,0,0,0,663,0,0,3,0,0,0,0,0,0,0,0,0,0,229,0,0,14,0,0,0,0,0,0,0,0,0,0,21,29
0cfGJLYgE6ROaZH7KT1h,0,0,0,0,0,0,0,0,0,0,0,0,0,0,0,0,0,0,0,0,0,0,0,0,0,0,0,0,0,0,0,0,0,0,0,0,0,0,0,0,0,0,0,0,0,0,0,0,0,0,0,0,0,0,0,0,0,0,0,0,0,0,0,0,0,0,0,0,0,0,0,0,0,0,0,0,0,0,0,0,0
01jsnpXSAlgw6aPeDxrU,0,0,0,0,0,0,0,0,0,0,0,0,0,0,0,0,0,0,0,0,0,0,0,0,0,0,199,0,0,0,0,0,0,0,0,32,0,0,272,0,0,0,0,0,0,195,0,0,0,0,0,31,0,0,19,0,0,0,0,0,0,0,0,0,0,91,0,0,0,0,0,0,0,0,0,0,0,0,0,0,127
2nNeZpSmwzACDiljoXM0,0,0,0,1,0,0,1,0,0,0,0,1,0,0,0,0,0,0,0,2,1,0,0,0,0,0,7,0,0,0,0,0,0,0,0,7,0,0,1,3,0,0,0,0,0,4,0,0,0,0,0,12,0,0,3,0,0,0,0,0,0,0,0,0,0,3,0,0,1,0,0,0,0,0,0,0,0,0,0,2,3
0cH8YeO15ZywEhPrJvmj,0,0,0,0,0,0,0,0,0,0,0,59,0,0,0,0,0,0,0,0,39,0,0,0,0,0,144,0,0,0,0,0,0,0,0,243,0,0,10,3,0,0,0,0,0,245,0,0,0,0,0,2960,0,0,15,0,0,0,0,0,0,0,0,0,0,198,0,0,29,0,0,0,0,0,0,0,0,0,0,31,296
065EZhxgbLRSHsB87uIF,0,0,0,0,0,0,0,0,0,0,0,17,0,0,0,0,0,0,0,0,17,0,0,0,0,0,116,0,0,0,0,0,0,0,0,248,0,0,1,0,0,0,0,0,0,185,0,0,0,0,0,1517,0,0,5,0,0,0,0,0,0,0,0,0,0,170,0,0,14,2,0,0,0,0,0,0,0,0,0,58,216
0H5OFklQm7wAPfE1qaJY,0,0,0,0,0,0,1,0,0,0,0,1,0,0,0,0,0,0,0,1,19,0,0,1,0,0,18,0,0,0,0,0,0,0,1,419,0,0,6,3,0,0,0,0,0,16,0,0,0,0,0,2535,0,0,5,0,0,0,0,0,0,0,0,0,0,361,0,0,2,0,0,0,0,0,0,0,0,0,0,30,177
01SuzwMJEIXsK7A8dQbl,0,0,0,0,0,0,0,0,0,0,0,3,0,0,0,0,0,0,0,1,20,2,0,3,0,0,19,0,0,0,0,0,0,0,1,427,0,0,7,9,0,0,0,0,0,18,0,0,0,0,0,2535,0,0,5,0,0,0,0,0,0,0,0,0,0,363,0,0,0,0,0,0,0,0,0,0,0,0,0,32,182
1Flm7qajnOzdtwBZ29gL,0,0,0,0,0,0,0,0,0,0,0,0,0,0,0,0,0,0,0,0,0,0,0,0,0,0,3,0,0,0,0,0,0,0,0,3,0,0,0,0,0,0,0,0,0,3,0,0,0,0,0,72,0,0,0,0,0,0,0,0,0,0,0,0,0,1,0,0,0,0,0,0,0,0,0,0,0,0,0,0,1
2pwjzv6eGEb8QmHPfxSc,0,0,0,69,0,0,0,0,0,0,0,9,0,0,0,0,0,0,0,0,0,56,0,0,0,0,130,0,0,0,0,0,0,0,0,172,0,0,0,2,0,0,0,0,0,172,0,0,0,0,0,669,0,0,12,0,0,0,0,0,0,0,0,0,0,145,0,0,10,0,0,0,0,0,0,0,0,0,0,11,64
0dhL8Jvcswa7U1qHiDS5,0,0,0,0,0,0,0,0,0,0,0,96,0,0,0,0,0,0,0,0,6,0,0,0,0,0,220,0,0,0,0,0,0,0,0,324,0,0,2,0,0,0,0,0,0,82,0,0,0,0,0,1506,0,0,3,0,0,0,0,0,0,0,0,0,0,331,0,0,2,0,0,0,0,0,0,0,0,0,0,30,583
0bN6ODYWw2xeCQBn3tEg,0,0,0,4,0,0,0,0,0,0,0,37,0,0,0,0,0,0,0,0,38,0,0,0,0,0,489,0,0,0,0,0,0,0,1,772,0,0,8,1,0,0,0,0,0,362,0,0,0,0,0,4333,0,0,16,0,0,0,0,0,0,0,0,0,0,400,0,0,94,2,0,0,0,0,0,0,0,0,0,144,594
0BZQIJak6Pu2tyAXfrzR,0,0,0,0,0,0,0,0,0,0,0,0,0,0,0,0,0,0,0,0,0,0,0,0,0,0,0,0,0,0,0,0,0,0,0,0,0,0,0,0,0,0,0,0,0,0,0,0,0,0,0,0,0,0,0,0,0,0,0,0,0,0,0,0,0,0,0,0,0,0,0,0,0,0,0,0,0,0,0,0,0
0sM6DQlxcP3oAfd9ZVBT,0,0,0,0,0,0,0,0,0,0,0,0,0,0,0,0,0,0,0,0,0,0,0,0,0,0,0,0,0,0,0,0,0,0,0,0,0,0,0,0,0,0,0,0,0,0,0,0,0,0,0,0,0,0,0,0,0,0,0,0,0,0,0,0,0,0,0,0,0,0,0,0,0,0,0,0,0,0,0,0,0
0dauMIK4ATfybzqUgNLc,0,0,0,0,0,0,0,0,0,0,0,121,0,0,0,0,0,0,0,0,18,0,0,0,0,0,258,0,0,0,0,0,0,0,0,376,0,0,1,2,0,0,0,0,0,110,0,0,0,0,0,1785,0,0,2,0,0,0,0,0,0,0,0,0,0,375,0,0,2,0,0,0,0,0,0,0,0,0,0,18,672
0IelgX5H2s14KutkEyNU,0,0,0,0,0,0,0,0,0,0,0,0,0,0,0,0,0,0,0,0,0,0,0,0,0,0,350,0,0,0,0,0,0,0,0,221,0,0,21,0,0,0,0,0,0,295,0,0,0,0,0,55,0,0,173,0,0,0,0,0,0,0,0,0,0,402,0,0,0,0,0,0,0,0,0,0,0,0,0,0,173
0Phtp2LVcsCFMKkGgmRH,0,0,0,0,0,0,0,0,0,0,0,82,0,0,0,0,0,0,0,0,25,0,0,0,0,0,418,0,0,0,0,0,0,0,0,621,0,0,0,0,0,0,0,0,0,308,0,0,0,0,0,5157,0,0,0,0,0,0,0,0,0,0,0,0,0,648,0,0,2,0,0,0,0,0,0,0,0,0,0,158,672
1KB3Z7gd5aN4Xmx8W0sf,0,0,0,24,0,0,0,0,0,0,0,10,0,0,0,0,0,0,0,1,0,33,0,0,0,0,42,0,0,0,0,0,0,0,0,164,0,0,0,3,0,0,0,0,0,85,0,0,0,0,0,467,0,0,1,0,0,0,0,0,0,0,0,0,0,158,0,0,8,0,0,0,0,0,0,0,0,0,0,15,15
0l6fhCty3aSLDOgAjYQi,0,0,0,0,0,0,0,0,0,0,0,5,0,0,0,0,0,0,0,0,30,0,0,0,0,0,197,0,0,0,0,0,0,0,0,236,0,0,6,3,0,0,0,0,0,257,0,0,0,0,0,3230,0,0,17,0,0,0,0,0,0,0,0,0,0,202,0,0,29,0,0,0,0,0,0,0,0,0,0,31,302
1eOaAY4fpV38LIdhxl95,0,0,0,12,0,0,0,0,0,0,0,37,0,0,0,0,0,0,0,32,34,39,0,33,0,0,29,0,0,0,0,0,0,0,0,92,0,0,84,42,0,0,0,0,0,8,0,0,0,0,0,263,0,0,14,0,0,0,0,0,0,0,0,0,0,31,0,0,39,0,0,0,0,0,0,0,0,0,0,4,92
bGPHZFpAL3N957064wzj,0,0,0,44,0,0,0,0,0,0,0,11,0,0,0,0,0,0,0,0,0,48,0,0,0,0,40,0,0,0,0,0,0,0,0,160,0,0,0,3,0,0,0,0,0,75,0,0,0,0,0,456,0,0,0,0,0,0,0,0,0,0,0,0,0,138,0,0,15,0,0,0,0,0,0,0,0,0,0,13,29
0jkmvR43UQ9yKxqXei61,0,0,0,3,0,0,0,0,0,0,0,418,0,0,0,0,0,0,0,0,180,1,0,0,0,0,6024,0,0,0,0,0,0,0,0,6538,0,0,288,1,0,0,0,0,0,9781,0,0,0,0,0,94505,0,0,854,0,0,0,0,0,0,0,0,0,0,3211,0,0,825,4,0,0,0,0,0,0,0,0,0,576,11495
07ECKjDTyQLnabNoxrIH,0,0,0,0,0,0,0,0,0,0,0,1139,0,0,0,0,0,0,0,0,99,0,0,0,0,0,666,0,0,0,0,0,0,0,0,1003,0,0,0,0,0,0,0,0,0,323,0,0,0,0,0,5058,0,0,1,0,0,0,0,0,0,0,0,0,0,1024,0,0,2,0,0,0,0,0,0,0,0,0,0,155,983
05rJTUWYAKNegBk2wE8X,0,0,0,0,0,0,0,0,0,0,0,20,0,0,0,0,0,0,0,0,66,1,0,0,0,0,2855,0,0,0,0,0,0,0,1,1174,0,0,5,3,0,0,0,0,0,5739,0,0,0,0,0,31767,0,0,218,0,0,0,0,0,0,0,0,0,0,1218,0,0,362,2,0,0,0,0,0,0,0,0,0,266,7025
05LHG8fR3iPn6agIo9z7,0,0,0,0,0,0,0,0,0,0,0,0,0,0,0,0,0,0,0,0,0,0,0,0,0,0,0,0,0,0,0,0,0,0,0,0,0,0,0,0,0,0,0,0,0,0,0,0,0,0,0,0,0,0,0,0,0,0,0,0,0,0,0,0,0,0,0,0,0,0,0,0,0,0,0,0,0,0,0,0,0
0giIqhw6e4mrHYzKFl8T,0,0,0,0,0,0,0,0,0,0,0,2,0,0,0,0,0,0,0,2,20,1,0,3,0,0,11,0,0,0,0,0,0,0,2,420,0,0,4,4,0,0,0,0,0,16,0,0,0,0,0,2528,0,0,5,0,0,0,0,0,0,0,0,0,0,362,0,0,0,0,0,0,0,0,0,0,0,0,0,30,180
AeCXyFRcU2SsgvVTpMzi,0,0,0,0,0,0,0,0,0,0,0,29,0,0,0,0,0,0,0,0,9,1,0,0,0,0,41,0,0,0,0,0,0,0,0,149,0,0,0,0,0,0,0,0,0,113,0,0,0,0,0,948,0,0,4,0,0,0,0,0,0,0,0,0,0,75,0,0,14,0,0,0,0,0,0,0,0,0,0,11,277
0NXFnJyOEhBAISKfiU67,0,0,0,0,0,0,0,0,0,0,0,0,0,0,0,0,0,0,0,0,0,0,0,0,0,0,0,0,0,0,0,0,0,0,0,0,0,0,0,0,0,0,0,0,0,0,0,0,0,0,0,0,0,0,0,0,0,0,0,0,0,0,0,0,0,0,0,0,0,0,0,0,0,0,0,0,0,0,0,0,0
0BLbmzJRkjNynCgQIdtV,0,0,0,0,0,0,0,0,0,0,0,0,0,0,0,0,0,0,0,0,0,0,0,0,0,0,9,0,0,0,0,0,0,0,0,117,0,0,9,0,0,0,0,0,0,49,0,0,0,0,0,188,0,0,6,0,0,0,0,0,0,0,0,0,0,64,0,0,0,0,0,0,0,0,0,0,0,0,0,0,8
0G4hwobLuAzvl1PWYfmd,0,0,0,0,0,0,0,0,0,0,0,256,0,0,0,0,0,0,0,0,164,0,0,0,0,0,2403,0,0,0,0,0,0,0,0,5345,0,0,24,3,0,0,0,0,0,3649,0,0,0,0,0,61650,0,0,191,0,0,0,0,0,0,0,0,0,0,2341,0,0,146,8,0,0,0,0,0,0,0,0,0,280,8275
0dnTixlMYzDUpsvEVrGc,0,0,0,1,0,0,0,0,0,0,0,26,0,0,0,0,0,0,0,0,29,3,0,0,0,0,133,0,0,0,0,0,0,0,0,172,0,0,0,0,0,0,0,0,0,177,0,0,0,0,0,1705,0,0,15,0,0,0,0,0,0,0,0,0,0,178,0,0,19,2,0,0,0,0,0,0,0,0,0,55,209
1S9ui2XqltCJAOGUPw7v,0,0,0,0,0,0,1,0,0,0,0,0,0,0,0,0,0,0,0,0,0,0,0,1,0,0,1,0,0,0,0,0,0,0,0,0,0,0,0,0,0,0,0,0,0,0,0,0,0,0,0,1,0,0,1,0,0,0,0,0,0,0,0,0,0,1,0,0,0,0,0,0,0,0,0,0,0,0,0,0,2
0df4cbsTBCn1VGW8lQRv,0,0,0,0,0,0,0,0,0,0,0,0,0,0,0,0,0,0,0,0,1,0,0,0,0,0,38,0,0,0,0,0,0,0,0,71,0,0,0,0,0,0,0,0,0,101,0,0,0,0,0,299,0,0,0,0,0,0,0,0,0,0,0,0,0,28,0,0,1,0,0,0,0,0,0,0,0,0,0,1,61
02IOCvYEy8mjiuAQHax3,0,0,0,0,0,0,1,0,0,0,0,0,0,0,0,0,0,0,0,1,1,0,0,1,0,0,10,0,0,0,0,0,0,0,0,12,0,0,2,4,0,0,0,0,0,0,0,0,0,0,0,15,0,0,1,0,0,0,0,0,0,0,0,0,0,7,0,0,1,0,0,0,0,0,0,0,0,0,0,1,2
09bfacpUzuBN5W3S8KTo,0,0,0,0,0,0,0,0,0,0,0,0,0,0,0,0,0,0,0,0,0,0,0,0,0,0,54,0,0,0,0,0,0,0,0,127,0,0,7,1,0,0,0,0,0,46,0,0,0,0,0,199,0,0,9,0,0,0,0,0,0,0,0,0,0,75,0,0,0,0,0,0,0,0,0,0,0,0,0,0,8
0A32eTdBKayjCWhZqDOQ,0,0,0,0,0,0,0,0,0,0,0,10,0,0,0,0,0,0,0,0,32,0,0,0,0,0,410,0,0,0,0,0,0,0,0,194,0,0,0,0,0,0,0,0,0,366,0,0,0,0,0,1890,0,0,9,0,0,0,0,0,0,0,0,0,0,283,0,0,41,0,0,0,0,0,0,0,0,0,0,84,482
0AV6MPlrTWG4fYI7NBtQ,0,0,0,1,0,0,0,0,0,0,0,1,0,0,0,0,0,0,0,0,1,0,0,0,0,0,156,0,0,0,0,0,0,0,0,75,0,0,162,0,0,0,0,0,0,258,0,0,0,0,0,36,0,0,52,0,0,0,0,0,0,0,0,0,0,195,0,0,0,0,0,0,0,0,0,0,0,0,0,0,91
0njs7MJQObCY8ABgykiP,0,0,0,0,0,0,0,0,0,0,0,168,0,0,0,0,0,0,0,0,11,0,0,0,0,0,385,0,0,0,0,0,0,0,0,509,0,0,0,0,0,0,0,0,0,119,0,0,0,0,0,2305,0,0,1,0,0,0,0,0,0,0,0,0,0,480,0,0,2,0,0,0,0,0,0,0,0,0,0,30,927
0aKlH1MRxLmv34QGhEJP,0,0,0,0,0,0,0,0,0,0,0,16,0,0,0,0,0,0,0,1,0,0,0,0,0,0,22,0,0,0,0,0,0,0,0,86,0,0,0,0,0,0,0,0,0,11,0,0,0,0,0,406,0,0,0,0,0,0,0,0,0,0,0,0,0,51,0,0,0,0,0,0,0,0,0,0,0,0,0,4,107
2WBAlcgeu4zZbTNy713v,0,0,0,4,0,0,4,0,0,0,0,2,0,0,0,0,0,0,0,2,1,3,0,5,0,0,15,0,0,0,0,0,0,0,1,32,0,0,8,10,0,0,0,0,0,6,0,0,0,0,0,36,0,0,5,0,0,0,0,0,0,0,0,0,0,8,0,0,2,0,0,0,0,0,0,0,0,0,0,2,10
1bL4yiwCUvSOg7tBJudf,0,0,0,1,0,0,0,0,0,0,0,0,0,0,0,0,0,0,0,0,0,0,0,0,0,0,56,0,0,0,0,0,0,0,0,93,0,0,0,12,0,0,0,0,0,2,0,0,0,0,0,73,0,0,0,0,0,0,0,0,0,0,0,0,0,39,0,0,0,0,0,0,0,0,0,0,0,0,0,0,4
2qSURceVYgQEhOFAdPXC,0,0,0,5,0,0,9,0,0,0,0,0,0,0,0,0,0,0,0,0,1,4,0,0,0,0,14,0,0,0,0,0,0,0,9,32,0,0,27,0,0,0,0,0,0,0,0,0,0,0,0,153,0,0,26,0,0,0,0,0,0,0,0,0,0,26,0,0,4,7,0,0,0,0,0,0,0,0,0,4,17
2icwOdb5xCshnIvMXfy4,0,0,0,1,0,0,3,0,0,0,0,1,0,0,0,0,0,0,0,4,1,2,0,4,0,0,11,0,0,0,0,0,0,0,0,23,0,0,9,7,0,0,0,0,0,3,0,0,0,0,0,27,0,0,6,0,0,0,0,0,0,0,0,0,0,7,0,0,1,0,0,0,0,0,0,0,0,0,0,5,14
0xfjbVBPYX1pSt4rdWOe,0,0,0,0,0,0,0,0,0,0,0,0,0,0,0,0,0,0,0,0,0,3,0,0,0,0,104,0,0,0,0,0,0,0,0,13,0,0,2,0,0,0,0,0,0,46,0,0,0,0,0,711,0,0,1,0,0,0,0,0,0,0,0,0,0,4,0,0,1,0,0,0,0,0,0,0,0,0,0,1,256
04sJnMaORYc1SV5pKjrP,0,0,0,0,0,0,0,0,0,0,0,0,0,0,0,0,0,0,0,0,0,0,0,0,0,0,10,0,0,0,0,0,0,0,0,98,0,0,7,0,0,0,0,0,0,35,0,0,0,0,0,167,0,0,2,0,0,0,0,0,0,0,0,0,0,52,0,0,0,0,0,0,0,0,0,0,0,0,0,0,8
0BIdbVDEgmPwjYF4xzir,0,0,0,0,0,0,0,0,0,0,0,0,0,0,0,0,0,0,0,0,0,0,0,0,0,0,2,0,0,0,0,0,0,0,0,3,0,0,0,0,0,0,0,0,0,4,0,0,0,0,0,66,0,0,0,0,0,0,0,0,0,0,0,0,0,2,0,0,0,0,0,0,0,0,0,0,0,0,0,0,1
0fhnXI9ESr4jgWmkiaTe,0,0,0,0,0,0,0,0,0,0,0,1,0,0,0,0,0,0,0,1,20,0,0,1,0,0,16,0,0,0,0,0,0,0,0,424,0,0,2,9,0,0,0,0,0,17,0,0,0,0,0,2544,0,0,4,0,0,0,0,0,0,0,0,0,0,365,0,0,0,1,0,0,0,0,0,0,0,0,0,30,181
0PlfqyKM1JtYZx2me5FU,0,0,0,0,0,0,0,0,0,0,0,0,0,0,0,0,0,0,0,0,0,0,0,0,0,0,3,0,0,0,0,0,0,0,0,3,0,0,0,0,0,0,0,0,0,0,0,0,0,0,0,76,0,0,0,0,0,0,0,0,0,0,0,0,0,2,0,0,0,0,0,0,0,0,0,0,0,0,0,0,1
01kcPWA9K2BOxQeS5Rju,0,0,0,0,0,0,0,0,0,0,0,0,0,0,0,0,0,0,0,0,0,0,0,0,0,0,16,0,0,0,0,0,0,0,0,11,0,0,0,0,0,0,0,0,0,36,0,0,0,0,0,86,0,0,1,0,0,0,0,0,0,0,0,0,0,5,0,0,0,0,0,0,0,0,0,0,0,0,0,1,15
0czUXKSCiGY2j5mxLdWa,0,0,0,0,0,0,0,0,0,0,0,491,0,0,0,0,0,0,0,0,36,0,0,0,0,0,274,0,0,0,0,0,0,0,0,445,0,0,0,0,0,0,0,0,0,168,0,0,0,0,0,2203,0,0,0,0,0,0,0,0,0,0,0,0,0,445,0,0,3,0,0,0,0,0,0,0,0,0,0,71,445
1IpWLz6eyhVxDAfQMKEd,0,0,0,0,0,0,0,0,0,0,0,0,0,0,0,0,0,0,0,0,0,0,0,0,0,0,0,0,0,0,0,0,0,0,0,0,0,0,0,0,0,0,0,0,0,0,0,0,0,0,0,0,0,0,0,0,0,0,0,0,0,0,0,0,0,0,0,0,0,0,0,0,0,0,0,0,0,0,0,0,0
0BY2iPso3bEmudlUzpfq,0,0,0,0,0,0,0,0,0,0,0,33,0,0,0,0,0,0,0,0,0,1,0,0,0,0,412,0,0,0,0,0,0,0,0,399,0,0,172,2,0,0,0,0,0,44,0,0,0,0,0,1592,0,0,84,0,0,0,0,0,0,0,0,0,0,283,0,0,11,0,0,0,0,0,0,0,0,0,0,0,127
09CPNMYyQjSguFrE8UOf,0,0,0,0,0,0,0,0,0,0,0,0,0,0,0,0,0,0,0,0,0,0,0,0,0,0,218,0,0,0,0,0,0,0,0,123,0,0,0,5,0,0,0,0,0,759,0,0,0,0,0,5293,0,0,0,0,0,0,0,0,0,0,0,0,0,372,0,0,3,0,0,0,0,0,0,0,0,0,0,1,124
0cdnSIvN489sFUwYlrMQ,0,0,0,0,0,0,0,0,0,0,0,0,0,0,0,0,0,0,0,0,0,0,0,0,0,0,11,0,0,0,0,0,0,0,0,96,0,0,7,0,0,0,0,0,0,36,0,0,0,0,0,252,0,0,4,0,0,0,0,0,0,0,0,0,0,55,0,0,0,0,0,0,0,0,0,0,0,0,0,0,4
